<MSG>
	<MSGHEADER>
		<APPLCODE>GCP</APPLCODE>
		<INTERFACECODE>PAYNEFTCLR</INTERFACECODE>
		<SERVICEID>170516055J5J</SERVICEID>
		<TOTALAMNT>250000000.00</TOTALAMNT>
		<TOTALCOUNT>1</TOTALCOUNT>
	</MSGHEADER>
	<MSGDETAIL>
		<CMSTRANSID>17051600EKE300001</CMSTRANSID>
		<PARENTTXNID>17051600EKE300000</PARENTTXNID>
		<VALUEDATE>2017-05-16</VALUEDATE>
		<TXNDATE>2017-05-16T11:05:11</TXNDATE>
		<BATCHREF>SINOMA</BATCHREF>
		<RECORDREF>SINOMA</RECORDREF>
		<PAYMENTPRODUCT>TZTZSNEFT</PAYMENTPRODUCT>
		<PRODUCTDESCRIPTION>Tanzania-NEFT Payments in TZS</PRODUCTDESCRIPTION>
		<UDEPRODUCT>TZNEFT</UDEPRODUCT>
		<UDEPRODUCTDESC>NEFT Payments for Tanzania</UDEPRODUCTDESC>
		<MYPAYMENTPRODUCT>PAY</MYPAYMENTPRODUCT>
		<MYPAYMENTPRODUCTDESCRIPTION>VENDOR PAYMENT</MYPAYMENTPRODUCTDESCRIPTION>
		<REMITTERBANK>038</REMITTERBANK>
		<REMITTERBRANCH>5601</REMITTERBRANCH>
		<REMITTERSORTCODE>038601</REMITTERSORTCODE>
		<REMITTERBIC>UNAFTZTZ</REMITTERBIC>
		<REMITTERACCOUNTNO>56010160001488</REMITTERACCOUNTNO>
		<REMITTERACCTIBAN>56010160001488</REMITTERACCTIBAN>
		<REMITTERACCTTYPE>20</REMITTERACCTTYPE>
		<REMITTERACCTCCY>TZS</REMITTERACCTCCY>
		<BENEFBANK>CORUTZTZ</BENEFBANK>
		<BENEFBRANCH>CORUTZTZ</BENEFBRANCH>
		<BENEFSORTCODE>CORUTZTZ</BENEFSORTCODE>
		<BENEFBANKNAME><![CDATA[CRDB BANK]]></BENEFBANKNAME>
		<BENEFBIC>CORUTZTZ</BENEFBIC>
		<BENACCOUNTNO>0150328890602</BENACCOUNTNO>
		<BENACCTIBAN/>
		<BENEACCTTYPE>10</BENEACCTTYPE>
		<TXNCCY>TZS</TXNCCY>
		<TXNAMOUNT>250000000.00</TXNAMOUNT>
		<REMITTERNAME><![CDATA[BEIJING NEW BUILDING MATERIALS COMPANY L]]></REMITTERNAME>
		<REMITTERADDRESS><![CDATA[hubin112233@gmail.com]]></REMITTERADDRESS>
		<BENEFCODE/>
		<BENEFNAME><![CDATA[SINOMA INTERNATIONAL ENG CO. LTD]]></BENEFNAME>
		<BENEFADDRESS><![CDATA[DAR ES SALAAM]]></BENEFADDRESS>
		<BENEFCOUNTRY>TZ</BENEFCOUNTRY>
		<TXNDETAILS/>
		<NARRATION><![CDATA[PURCHASE CEMENT]]></NARRATION>
		<SUSPTRANSFLAG>Y</SUSPTRANSFLAG>
		<CHARGETO>OUR</CHARGETO>
		<ENRICHMENT1/>
		<ENRICHMENT2/>
		<ENRICHMENT3/>
		<ENRICHMENT4/>
		<ENRICHMENT5/>
		<SUBCODE>TZ</SUBCODE>
		<ABAROUTINGNO/>
	</MSGDETAIL>
</MSG>


